xCoordPress0,yCoordPress0,xCoordRelease0,yCoordRelease0,pressPressure0,releasePressure0,holdTime0,HPP0,offSet0,xCoordPress1,yCoordPress1,xCoordRelease1,yCoordRelease1,pressPressure1,releasePressure1,holdTime1,HPP1,offSet1,xCoordPress2,yCoordPress2,xCoordRelease2,yCoordRelease2,pressPressure2,releasePressure2,holdTime2,HPP2,offSet2,xCoordPress3,yCoordPress3,xCoordRelease3,yCoordRelease3,pressPressure3,releasePressure3,holdTime3,HPP3,offSet3,xCoordPress4,yCoordPress4,xCoordRelease4,yCoordRelease4,pressPressure4,releasePressure4,holdTime4,HPP4,offSet4,xCoordPress5,yCoordPress5,xCoordRelease5,yCoordRelease5,pressPressure5,releasePressure5,holdTime5,HPP5,offSet5,xCoordPress6,yCoordPress6,xCoordRelease6,yCoordRelease6,pressPressure6,releasePressure6,holdTime6,HPP6,offSet6,xCoordPress7,yCoordPress7,xCoordRelease7,yCoordRelease7,pressPressure7,releasePressure7,holdTime7,HPP7,offSet7,PPTime0,UDTime0,PPTime1,UDTime1,PPTime2,UDTime2,PPTime3,UDTime3,PPTime4,UDTime4,PPTime5,UDTime5,PPTime6,UDTime6,state
69.0,78.0,69.0,78.0,0.172549024224281,0.172549024224281,0.09,0.01552941218018529,15.660459763365825,50.0,53.0,50.0,53.0,0.18823531270027202,0.18823531270027202,0.1,0.018823531270027203,29.769951293208393,10.0,79.0,13.920684814453098,77.0396728515625,0.20000001788139302,0.176470592617989,0.091,0.018200001627206763,40.44955720784066,36.0,98.0,36.0,98.0,0.176470592617989,0.176470592617989,0.092,0.01623529452085499,23.753947040439407,58.0,88.0,58.0,88.0,0.18823531270027202,0.18823531270027202,0.091,0.017129413455724753,6.800735254367722,64.0,100.0,59.0,104.0,0.176470592617989,0.105882361531258,0.074,0.013058823853731185,22.073740054644116,37.0,76.0,37.0,76.0,0.160784319043159,0.160784319043159,0.084,0.013505882799625358,18.200274723201296,28.0,101.0,38.0,95.0,0.20000001788139302,0.18431372940540303,0.074,0.014800001323223082,20.303940504246953,0.324,0.234,0.525,0.425,0.333,0.242,0.459,0.367,0.417,0.326,0.341,0.267,0.426,0.342,1
64.0,76.0,64.0,76.0,0.172549024224281,0.172549024224281,0.108,0.018635294616222348,11.926860441876563,5.0,98.0,5.0,98.0,0.18431372940540303,0.18431372940540303,0.091,0.016772549375891677,51.39309292113095,25.0,123.0,25.0,123.0,0.180392161011696,0.180392161011696,0.108,0.019482353389263168,49.81214711292819,16.0,122.0,16.0,122.0,0.172549024224281,0.172549024224281,0.083,0.014321569010615324,54.811039034121585,31.0,135.0,37.8103179931641,132.081298828125,0.20000001788139302,0.11764706671237898,0.066,0.01320000118017194,52.15755934633345,67.0,127.0,67.0,127.0,0.172549024224281,0.172549024224281,0.066,0.011388235598802548,46.360004314063644,29.0,115.0,29.0,115.0,0.168627455830574,0.168627455830574,0.082,0.01382745137810707,41.00304866714181,10.0,111.0,27.0,107.0,0.18823531270027202,0.176470592617989,0.066,0.012423530638217955,36.45888094826828,0.392,0.284,0.725,0.634,0.417,0.309,0.75,0.667,0.383,0.317,0.234,0.168,0.975,0.893,1
58.0,104.0,58.0,104.0,0.172549024224281,0.172549024224281,0.1,0.017254902422428102,21.86892772862904,47.0,125.0,47.0,125.0,0.18431372940540303,0.18431372940540303,0.1,0.018431372940540303,43.072613108563544,71.0,79.0,71.0,79.0,0.18823531270027202,0.18823531270027202,0.091,0.017129413455724753,17.356554957709783,55.0,77.0,55.0,77.0,0.180392161011696,0.180392161011696,0.083,0.014972549363970768,5.5901699437494745,61.0,114.0,98.0,99.0,0.203921586275101,0.180392161011696,0.099,0.020188237041235003,46.99202059924642,42.0,102.0,42.0,102.0,0.176470592617989,0.176470592617989,0.091,0.016058823928236998,22.89650628371062,39.0,91.0,39.0,91.0,0.172549024224281,0.172549024224281,0.066,0.011388235598802548,17.240939649566666,44.0,124.0,46.9248657226563,123.025024414063,0.19215688109397897,0.176470592617989,0.082,0.015756864249706275,41.138001030711806,0.35,0.25,0.559,0.459,0.341,0.25,0.459,0.376,0.375,0.276,0.308,0.217,1.127,1.061,1
61.0,70.0,61.0,70.0,0.164705887436867,0.164705887436867,0.066,0.010870588570833223,14.326548781894402,55.0,102.0,55.0,102.0,0.18431372940540303,0.18431372940540303,0.091,0.016772549375891677,19.525624189766635,40.0,92.0,40.0,92.0,0.18823531270027202,0.18823531270027202,0.057,0.010729412823915506,16.91892431568863,49.0,105.0,49.0,105.0,0.176470592617989,0.176470592617989,0.082,0.014470588594675099,23.04886114323222,46.0,107.0,46.0,107.0,0.180392161011696,0.180392161011696,0.066,0.011905882626771936,25.773047937719745,41.0,116.0,41.0,116.0,0.172549024224281,0.172549024224281,0.091,0.01570196120440957,35.9339672176619,49.0,82.0,49.0,82.0,0.172549024224281,0.172549024224281,0.091,0.01570196120440957,5.024937810560445,41.0,114.0,44.0,113.0,0.19607844948768602,0.176470592617989,0.092,0.018039217352867114,32.09750769140807,0.342,0.276,0.442,0.351,0.35,0.293,0.475,0.393,0.4,0.334,0.275,0.184,0.867,0.776,1
64.0,78.0,64.0,78.0,0.172549024224281,0.172549024224281,0.092,0.015874510228633853,10.965856099730654,34.0,81.0,34.0,81.0,0.18431372940540303,0.18431372940540303,0.1,0.018431372940540303,20.05617112013158,55.0,103.0,55.0,103.0,0.18431372940540303,0.18431372940540303,0.074,0.013639215975999824,20.524375751773793,56.0,107.0,56.0,107.0,0.172549024224281,0.172549024224281,0.083,0.014321569010615324,24.58149710656371,53.0,120.0,53.0,120.0,0.19607844948768602,0.19607844948768602,0.075,0.01470588371157645,37.51333096380539,36.0,100.0,36.0,102.0,0.152941182255745,0.0980392247438431,0.092,0.01407058876752854,26.537709019431198,44.0,133.0,44.0,133.0,0.176470592617989,0.176470592617989,0.066,0.011647059112787276,51.480578862324386,18.0,128.0,18.0,128.0,0.19215688109397897,0.19215688109397897,0.066,0.012682354152202611,58.01939330947886,0.3,0.208,0.493,0.393,0.35,0.276,0.408,0.325,0.358,0.283,0.292,0.2,0.584,0.518,1
55.0,107.0,55.0,107.0,0.176470592617989,0.176470592617989,0.075,0.013235294446349175,24.520399670478458,45.0,72.0,45.0,72.0,0.18431372940540303,0.18431372940540303,0.108,0.019905882775783527,13.82931668593933,7.0,111.0,17.0,106.0,0.19215688109397897,0.160784319043159,0.058,0.011145099103450781,43.83206588788623,42.0,121.0,42.0,121.0,0.176470592617989,0.176470592617989,0.083,0.014647059187293088,40.326790102858425,60.0,101.0,60.0,101.0,0.180392161011696,0.180392161011696,0.067,0.012086274787783633,19.448650338776723,80.0,106.0,80.0,106.0,0.176470592617989,0.176470592617989,0.075,0.013235294446349175,35.04639781775011,61.0,107.0,61.0,107.0,0.176470592617989,0.176470592617989,0.075,0.013235294446349175,25.480384612481814,58.0,136.0,60.0,134.0,0.19215688109397897,0.149019613862038,0.083,0.015949021130800253,51.848336521049546,0.309,0.234,0.492,0.384,0.383,0.325,0.517,0.434,0.367,0.3,0.258,0.183,0.634,0.559,1
61.0,80.0,61.0,80.0,0.172549024224281,0.172549024224281,0.091,0.01570196120440957,7.433034373659253,67.0,120.0,67.0,120.0,0.176470592617989,0.176470592617989,0.1,0.0176470592617989,39.68941924493227,37.0,130.0,41.0,127.0,0.19215688109397897,0.152941182255745,0.083,0.015949021130800253,46.360004314063644,58.0,105.0,58.0,105.0,0.176470592617989,0.176470592617989,0.074,0.013058823853731185,22.85278976405288,43.0,131.0,57.2717132568359,121.942749023437,0.19607844948768602,0.125490203499794,0.075,0.01470588371157645,39.57820812215728,8.0,117.0,8.0,117.0,0.176470592617989,0.176470592617989,0.067,0.011823529705405265,57.5,32.0,67.0,32.0,67.0,0.172549024224281,0.172549024224281,0.075,0.012941176816821075,26.911893281595777,97.0,113.0,97.0,113.0,0.18823531270027202,0.18823531270027202,0.099,0.018635295957326933,52.718592545704404,0.35,0.259,0.475,0.375,0.334,0.251,0.433,0.359,0.383,0.308,0.317,0.25,0.726,0.651,1
58.0,82.0,58.0,82.0,0.15686275064945202,0.15686275064945202,0.083,0.013019608303904518,4.031128874149275,36.0,129.0,36.0,129.0,0.18431372940540303,0.18431372940540303,0.117,0.021564706340432154,49.86231041578399,43.0,97.0,43.0,97.0,0.18823531270027202,0.18823531270027202,0.058,0.010917648136615778,18.200274723201296,39.0,124.0,39.0,124.0,0.176470592617989,0.176470592617989,0.075,0.013235294446349175,44.127655727446026,100.0,94.0,100.0,94.0,0.176470592617989,0.176470592617989,0.033,0.005823529556393638,47.415714694603096,15.0,156.0,15.0,156.0,0.176470592617989,0.176470592617989,0.075,0.013235294446349175,83.20606949015198,37.0,112.0,37.0,112.0,0.168627455830574,0.168627455830574,0.083,0.013996078833937643,34.04776057246644,35.0,101.0,35.0,101.0,0.19607844948768602,0.19607844948768602,0.041,0.008039216428995128,26.51886121235224,0.341,0.258,0.467,0.35,0.325,0.267,0.459,0.384,0.8,0.767,0.809,0.734,0.684,0.601,1
60.0,93.0,60.0,93.0,0.176470592617989,0.176470592617989,0.099,0.01747058866918091,12.093386622447824,51.0,79.0,41.0,79.0,0.176470592617989,0.18431372940540303,0.075,0.013235294446349175,13.46291201783626,31.0,103.0,31.0,103.0,0.19607844948768602,0.19607844948768602,0.058,0.01137255007028579,30.80990100600779,54.0,118.0,54.0,118.0,0.176470592617989,0.176470592617989,0.075,0.013235294446349175,35.5,28.0,128.0,28.0,128.0,0.180392161011696,0.180392161011696,0.074,0.013349019914865503,52.40467536394057,63.0,128.0,63.0,128.0,0.176470592617989,0.176470592617989,0.092,0.01623529452085499,46.38156961552724,38.0,106.0,38.0,106.0,0.172549024224281,0.172549024224281,0.083,0.014321569010615324,28.429737951659,50.0,131.0,77.0,127.0,0.19215688109397897,0.149019613862038,0.091,0.017486276179552087,50.092414595425524,0.325,0.226,0.575,0.5,0.35,0.292,0.568,0.493,0.416,0.342,0.259,0.167,0.617,0.534,1
41.0,74.0,41.0,74.0,0.125490203499794,0.125490203499794,0.117,0.0146823538094759,15.532224567009067,61.0,91.0,61.0,91.0,0.18431372940540303,0.18431372940540303,0.099,0.0182470592111349,11.01135777277262,34.0,105.0,36.0,104.0,0.19607844948768602,0.172549024224281,0.075,0.01470588371157645,28.040149785619906,55.0,110.0,55.0,110.0,0.176470592617989,0.176470592617989,0.083,0.014647059187293088,27.518175811634027,23.0,109.0,23.0,109.0,0.18431372940540303,0.18431372940540303,0.049,0.009031372740864749,40.7829621288106,81.0,79.0,80.02349853515629,81.929443359375,0.172549024224281,0.172549024224281,0.074,0.012768627792596793,26.029752416983207,37.0,118.0,37.0,118.0,0.172549024224281,0.172549024224281,0.083,0.014321569010615324,39.3605132080363,55.0,95.0,55.0,95.0,0.20000001788139302,0.20000001788139302,0.082,0.01640000146627423,12.539936203984453,0.375,0.258,0.483,0.384,0.292,0.217,0.484,0.401,0.4,0.351,0.258,0.184,0.668,0.585,1
47.0,94.0,47.0,94.0,0.172549024224281,0.172549024224281,0.083,0.014321569010615324,13.46291201783626,37.0,116.0,37.0,116.0,0.18431372940540303,0.18431372940540303,0.083,0.015298039540648452,37.566607512523674,64.0,92.0,64.0,92.0,0.180392161011696,0.180392161011696,0.108,0.019482353389263168,13.793114224133722,47.0,118.0,47.0,118.0,0.172549024224281,0.172549024224281,0.117,0.02018823583424088,36.18355980276125,75.0,86.0,75.0,86.0,0.172549024224281,0.172549024224281,0.1,0.017254902422428102,21.289668856043768,37.0,118.0,37.0,118.0,0.176470592617989,0.176470592617989,0.091,0.016058823928236998,39.3605132080363,12.0,121.0,12.0,121.0,0.176470592617989,0.176470592617989,0.108,0.01905882400274281,56.97587208634897,60.0,100.0,60.0,100.0,0.180392161011696,0.180392161011696,0.091,0.016415686652064335,18.5,0.6,0.517,0.325,0.242,0.192,0.084,0.283,0.166,0.309,0.209,0.609,0.518,0.317,0.209,2
45.0,92.0,45.0,92.0,0.172549024224281,0.172549024224281,0.108,0.018635294616222348,13.0862523283024,23.0,107.0,23.0,107.0,0.18431372940540303,0.18431372940540303,0.1,0.018431372940540303,39.51265620026069,58.0,116.0,58.0,116.0,0.172549024224281,0.172549024224281,0.124,0.021396079003810846,33.737960815674676,38.0,105.0,38.0,105.0,0.176470592617989,0.176470592617989,0.092,0.01623529452085499,27.608875384557045,68.0,81.0,68.0,81.0,0.168627455830574,0.168627455830574,0.084,0.014164706289768217,14.080127840328723,23.0,115.0,23.0,115.0,0.176470592617989,0.176470592617989,0.066,0.011647059112787276,44.91380634058975,28.0,127.0,28.0,127.0,0.172549024224281,0.172549024224281,0.116,0.020015686810016597,51.53882032022076,65.0,91.0,67.0,97.0,0.176470592617989,0.15686275064945202,0.091,0.016058823928236998,19.474342094150447,0.384,0.276,0.501,0.401,0.216,0.092,0.375,0.283,0.259,0.175,0.484,0.418,0.442,0.326,2
57.0,73.0,57.0,73.0,0.176470592617989,0.176470592617989,0.084,0.014823529779911077,9.962429422585638,56.0,120.0,56.0,120.0,0.18431372940540303,0.18431372940540303,0.125,0.02303921617567538,37.5532954612508,57.0,105.0,57.0,105.0,0.176470592617989,0.176470592617989,0.1,0.0176470592617989,22.699118925632334,38.0,110.0,38.0,110.0,0.176470592617989,0.176470592617989,0.108,0.01905882400274281,31.815876539866068,66.0,80.0,66.0,80.0,0.172549024224281,0.172549024224281,0.083,0.014321569010615324,12.257650672131263,36.0,114.0,36.0,114.0,0.180392161011696,0.180392161011696,0.083,0.014972549363970768,36.28015986734347,23.0,121.0,23.0,121.0,0.172549024224281,0.172549024224281,0.099,0.01708235339820382,49.429242357131066,65.0,101.0,65.0,101.0,0.176470592617989,0.176470592617989,0.083,0.014647059187293088,21.523243250030884,0.283,0.199,0.342,0.217,0.225,0.125,0.251,0.143,0.233,0.15,0.334,0.251,0.25,0.151,2
41.0,76.0,41.0,76.0,0.176470592617989,0.176470592617989,0.091,0.016058823928236998,14.534441853748634,57.0,102.0,57.0,102.0,0.180392161011696,0.180392161011696,0.092,0.01659607881307603,19.72941965694886,87.0,102.0,87.0,102.0,0.176470592617989,0.176470592617989,0.083,0.014647059187293088,38.33079701754191,24.0,126.0,24.0,126.0,0.176470592617989,0.176470592617989,0.083,0.014647059187293088,52.84174486142561,68.0,90.0,68.0,90.0,0.176470592617989,0.176470592617989,0.099,0.01747058866918091,15.88238017426859,8.0,121.0,8.0,121.0,0.180392161011696,0.180392161011696,0.091,0.016415686652064335,59.98541489395568,21.0,130.0,21.0,130.0,0.176470592617989,0.176470592617989,0.091,0.016058823928236998,57.83813620786894,85.0,118.0,81.0,115.0,0.18431372940540303,0.121568635106087,0.082,0.015113725811243048,42.25221887664599,0.399,0.308,0.459,0.367,0.275,0.192,0.742,0.659,0.242,0.143,0.283,0.192,1.769,1.678,2
66.0,80.0,66.0,80.0,0.176470592617989,0.176470592617989,0.049,0.008647059038281462,12.257650672131263,68.0,121.0,68.0,121.0,0.19607844948768602,0.19607844948768602,0.091,0.017843138903379428,40.96644968751869,77.0,114.0,77.0,114.0,0.180392161011696,0.180392161011696,0.091,0.016415686652064335,39.003204996512785,52.0,107.0,52.0,107.0,0.18431372940540303,0.18431372940540303,0.117,0.021564706340432154,24.58149710656371,42.0,97.0,42.0,97.0,0.160784319043159,0.160784319043159,0.091,0.01463137303292747,18.82153022471871,46.0,118.0,46.0,118.0,0.180392161011696,0.180392161011696,0.083,0.014972549363970768,36.39024594585752,32.0,114.0,32.0,114.0,0.176470592617989,0.176470592617989,0.083,0.014647059187293088,38.421998906876254,75.0,142.0,68.0,138.0,0.180392161011696,0.172549024224281,0.074,0.013349019914865503,57.23853597009623,0.4,0.351,0.333,0.242,0.183,0.092,0.276,0.159,0.208,0.117,0.242,0.159,0.642,0.559,2
52.0,77.0,52.0,77.0,0.176470592617989,0.176470592617989,0.1,0.0176470592617989,5.852349955359813,60.0,154.0,60.0,154.0,0.18823531270027202,0.18823531270027202,0.1,0.018823531270027203,71.75130660831202,63.0,119.0,63.0,119.0,0.176470592617989,0.176470592617989,0.091,0.016058823928236998,37.59321747336878,54.0,122.0,54.0,122.0,0.18431372940540303,0.18431372940540303,0.108,0.019905882775783527,39.5,55.0,104.0,55.0,104.0,0.14509804546833,0.14509804546833,0.108,0.01567058891057964,21.523243250030884,40.0,138.0,40.0,138.0,0.180392161011696,0.180392161011696,0.075,0.0135294120758772,57.23853597009623,44.0,149.0,44.0,149.0,0.176470592617989,0.176470592617989,0.1,0.0176470592617989,67.24767653978834,53.0,114.0,53.0,114.0,0.18431372940540303,0.18431372940540303,0.074,0.013639215975999824,31.51586901863885,0.342,0.242,0.342,0.242,0.167,0.076,0.542,0.434,0.233,0.125,0.367,0.292,0.284,0.184,2
41.0,64.0,41.0,64.0,0.176470592617989,0.176470592617989,0.091,0.016058823928236998,22.610838109190027,77.0,103.0,77.0,103.0,0.18823531270027202,0.18823531270027202,0.116,0.021835296273231556,30.80990100600779,48.0,111.0,48.0,111.0,0.180392161011696,0.180392161011696,0.108,0.019482353389263168,29.124731758421397,42.0,128.0,42.0,128.0,0.176470592617989,0.176470592617989,0.1,0.0176470592617989,47.055817918722866,50.0,107.0,50.0,107.0,0.172549024224281,0.172549024224281,0.116,0.020015686810016597,24.82438317461282,27.0,126.0,27.0,126.0,0.18431372940540303,0.18431372940540303,0.091,0.016772549375891677,51.198144497628036,44.0,128.0,44.0,128.0,0.172549024224281,0.172549024224281,0.099,0.01708235339820382,46.585942085569116,49.0,116.0,49.0,116.0,0.180392161011696,0.180392161011696,0.075,0.0135294120758772,33.8710791088799,0.317,0.226,0.392,0.276,0.191,0.083,0.259,0.159,0.175,0.059,0.609,0.518,0.341,0.242,2
52.0,93.0,52.0,93.0,0.176470592617989,0.176470592617989,0.1,0.0176470592617989,10.688779163215974,72.0,121.0,72.0,121.0,0.18823531270027202,0.18823531270027202,0.108,0.02032941377162938,42.5,58.0,91.0,58.0,91.0,0.172549024224281,0.172549024224281,0.091,0.01570196120440957,9.394147114027968,15.0,121.0,15.0,121.0,0.18823531270027202,0.18823531270027202,0.1,0.018823531270027203,54.801916024898254,77.0,83.0,77.0,83.0,0.176470592617989,0.176470592617989,0.1,0.0176470592617989,23.005434140654682,14.0,142.0,14.0,142.0,0.18431372940540303,0.18431372940540303,0.099,0.0182470592111349,71.69553682064178,21.0,110.0,21.0,110.0,0.176470592617989,0.176470592617989,0.091,0.016058823928236998,42.9563732174866,29.0,105.0,25.0,103.0,0.18431372940540303,0.164705887436867,0.108,0.019905882775783527,35.51408171415952,0.284,0.184,0.35,0.242,0.2,0.109,0.6,0.5,0.209,0.109,0.275,0.176,0.25,0.159,2
17.0,104.0,17.0,104.0,0.176470592617989,0.176470592617989,0.092,0.01623529452085499,42.79310692155922,15.0,126.0,17.0,125.0,0.18431372940540303,0.11764706671237898,0.082,0.015113725811243048,56.349356695529366,63.0,113.0,58.0,112.0,0.180392161011696,0.137254908680916,0.074,0.013349019914865503,29.769951293208393,45.0,122.0,45.0,122.0,0.180392161011696,0.180392161011696,0.083,0.014972549363970768,40.512343797909296,56.0,100.0,56.0,100.0,0.172549024224281,0.172549024224281,0.108,0.018635294616222348,17.613914953808536,37.0,115.0,37.0,115.0,0.18431372940540303,0.18431372940540303,0.083,0.015298039540648452,36.67764987018661,40.0,121.0,40.0,121.0,0.172549024224281,0.172549024224281,0.1,0.017254902422428102,40.96644968751869,33.0,97.0,33.0,97.0,0.18431372940540303,0.18431372940540303,0.091,0.016772549375891677,25.51960031034969,0.301,0.209,0.375,0.293,0.241,0.167,0.192,0.109,0.209,0.101,0.258,0.175,0.234,0.134,2
50.0,76.0,50.0,76.0,0.176470592617989,0.176470592617989,0.092,0.01623529452085499,7.632168761236874,47.0,84.0,47.0,84.0,0.18823531270027202,0.18823531270027202,0.099,0.018635295957326933,7.158910531638177,68.0,83.0,68.0,83.0,0.180392161011696,0.180392161011696,0.091,0.016415686652064335,14.0089257261219,21.0,120.0,21.0,120.0,0.18431372940540303,0.18431372940540303,0.091,0.016772549375891677,49.95247741604014,61.0,118.0,61.0,118.0,0.172549024224281,0.172549024224281,0.108,0.018635294616222348,36.18355980276125,25.0,135.0,25.0,135.0,0.18431372940540303,0.18431372940540303,0.083,0.015298039540648452,59.97707895521422,28.0,109.0,28.0,109.0,0.176470592617989,0.176470592617989,0.083,0.014647059187293088,37.12478956169314,43.0,132.0,43.0,132.0,0.176470592617989,0.176470592617989,0.083,0.014647059187293088,50.70749451511088,0.326,0.234,0.434,0.335,0.2,0.109,0.275,0.184,0.166,0.058,0.234,0.151,0.284,0.201,2
52.0,80.0,51.0,78.0,0.18431372940540303,0.0823529437184334,0.056,0.010321568846702569,5.408326913195984,7.0,134.0,7.0,134.0,0.18823531270027202,0.18823531270027202,0.05,0.009411765635013601,69.72266489456639,20.0,113.0,20.0,113.0,0.18823531270027202,0.18823531270027202,0.058,0.010917648136615778,45.67548576643712,31.0,79.0,31.0,79.0,0.176470592617989,0.176470592617989,0.091,0.016058823928236998,23.264780248263683,60.0,109.0,62.0,107.0,0.18823531270027202,0.176470592617989,0.058,0.010917648136615778,25.773047937719745,8.0,101.0,8.0,101.0,0.180392161011696,0.180392161011696,0.041,0.007396078601479537,49.580742229216376,91.0,55.0,91.0,55.0,0.176470592617989,0.176470592617989,0.058,0.010235294371843362,46.10043383743802,49.0,75.0,49.0,75.0,0.18431372940540303,0.18431372940540303,0.067,0.012349019870162004,9.013878188659973,0.382,0.326,0.567,0.517,0.333,0.275,0.517,0.426,0.442,0.384,0.3,0.259,0.525,0.467,3
66.0,91.0,66.0,91.0,0.18431372940540303,0.18431372940540303,0.066,0.0121647061407566,14.705441169852742,48.0,119.0,48.0,119.0,0.18431372940540303,0.18431372940540303,0.075,0.013823529705405227,36.98986347636336,68.0,109.0,68.0,109.0,0.18823531270027202,0.18823531270027202,0.05,0.009411765635013601,29.970819141291418,20.0,119.0,20.0,119.0,0.180392161011696,0.180392161011696,0.082,0.014792157202959073,49.882361612096915,57.0,101.0,57.0,101.0,0.18823531270027202,0.18823531270027202,0.066,0.012423530638217955,18.741664813991314,42.0,84.0,42.0,84.0,0.180392161011696,0.180392161011696,0.067,0.012086274787783633,12.093386622447824,90.0,138.0,90.0,138.0,0.176470592617989,0.176470592617989,0.066,0.011647059112787276,66.15323121359984,54.0,99.0,54.0,99.0,0.18431372940540303,0.18431372940540303,0.066,0.0121647061407566,16.5,0.333,0.267,0.533,0.458,0.326,0.276,0.542,0.46,0.424,0.358,0.226,0.159,0.608,0.542,3
55.0,106.0,55.0,106.0,0.18431372940540303,0.18431372940540303,0.074,0.013639215975999824,23.521266972678152,18.0,62.0,18.0,62.0,0.18823531270027202,0.18823531270027202,0.058,0.010917648136615778,41.42764777295472,23.0,94.0,23.0,94.0,0.18823531270027202,0.18823531270027202,0.066,0.012423530638217955,33.06433123473088,36.0,92.0,36.0,92.0,0.180392161011696,0.180392161011696,0.083,0.014972549363970768,20.35313243704762,63.0,91.0,63.0,91.0,0.18823531270027202,0.18823531270027202,0.058,0.010917648136615778,12.379418403139947,43.0,105.0,43.0,105.0,0.180392161011696,0.180392161011696,0.082,0.014792157202959073,25.04495957273639,96.0,141.0,96.0,141.0,0.176470592617989,0.176470592617989,0.091,0.016058823928236998,72.01562330494683,18.0,93.0,18.0,93.0,0.18431372940540303,0.18431372940540303,0.057,0.010505882576107973,37.5,0.375,0.301,0.592,0.534,0.408,0.342,0.55,0.467,0.451,0.393,0.216,0.134,0.701,0.61,3
67.0,101.0,67.0,101.0,0.18431372940540303,0.18431372940540303,0.074,0.013639215975999824,22.610838109190027,39.0,112.0,39.0,112.0,0.18823531270027202,0.18823531270027202,0.066,0.012423530638217955,33.094561486745825,36.0,114.0,36.0,114.0,0.18431372940540303,0.18431372940540303,0.066,0.0121647061407566,36.28015986734347,33.0,122.0,33.0,122.0,0.172549024224281,0.172549024224281,0.091,0.01570196120440957,44.73533279187716,48.0,122.0,48.0,122.0,0.18823531270027202,0.18823531270027202,0.074,0.01392941313982013,39.953097501945955,36.0,89.0,36.0,89.0,0.180392161011696,0.180392161011696,0.083,0.014972549363970768,19.13765920900464,79.0,106.0,79.0,106.0,0.180392161011696,0.180392161011696,0.091,0.016415686652064335,34.311076928595526,35.0,115.0,35.0,115.0,0.176470592617989,0.176470592617989,0.083,0.014647059187293088,37.646380968162134,0.35,0.276,0.467,0.401,0.392,0.326,0.525,0.434,0.45,0.376,0.225,0.142,0.584,0.493,3
58.0,125.0,58.0,125.0,0.180392161011696,0.180392161011696,0.066,0.011905882626771936,42.68782027698299,54.0,84.0,54.0,84.0,0.18431372940540303,0.18431372940540303,0.083,0.015298039540648452,1.5,31.0,126.0,31.0,126.0,0.176470592617989,0.176470592617989,0.091,0.016058823928236998,49.20619879649311,26.0,119.0,26.0,119.0,0.180392161011696,0.180392161011696,0.066,0.011905882626771936,46.00271731104588,53.0,103.0,53.0,103.0,0.18823531270027202,0.18823531270027202,0.066,0.012423530638217955,20.524375751773793,71.0,53.0,68.04364013671879,54.970947265625,0.176470592617989,0.172549024224281,0.066,0.011647059112787276,30.904248457803643,68.0,147.0,68.0,147.0,0.180392161011696,0.180392161011696,0.082,0.014792157202959073,66.00189391222042,39.0,105.0,39.0,105.0,0.18431372940540303,0.18431372940540303,0.083,0.015298039540648452,27.04163456597992,0.359,0.293,0.458,0.375,0.375,0.284,0.509,0.443,0.45,0.384,0.334,0.268,0.733,0.651,3
50.0,96.0,50.0,96.0,0.180392161011696,0.180392161011696,0.083,0.014972549363970768,14.080127840328723,36.0,96.0,36.0,96.0,0.18431372940540303,0.18431372940540303,0.066,0.0121647061407566,22.5,30.0,96.0,30.0,96.0,0.18431372940540303,0.18431372940540303,0.075,0.013823529705405227,27.536339626028727,72.0,107.0,62.64892578125,108.870239257813,0.176470592617989,0.0941176563501358,0.092,0.01623529452085499,27.75235910123449,71.0,111.0,71.0,111.0,0.18823531270027202,0.18823531270027202,0.066,0.012423530638217955,33.185087012090236,41.0,122.0,44.9532470703125,122.0,0.180392161011696,0.125490203499794,0.091,0.016415686652064335,40.52275581165241,69.0,102.0,69.0,102.0,0.180392161011696,0.180392161011696,0.083,0.014972549363970768,24.60182920028509,66.0,112.0,66.0,112.0,0.18431372940540303,0.18431372940540303,0.058,0.010690196305513376,31.847291878588358,0.358,0.275,0.5,0.434,0.375,0.3,0.476,0.384,0.458,0.392,0.267,0.176,0.609,0.526,3
52.0,80.0,52.0,80.0,0.180392161011696,0.180392161011696,0.109,0.019662745550274863,3.2015621187164243,52.0,97.0,52.0,97.0,0.18431372940540303,0.18431372940540303,0.075,0.013823529705405227,14.637281168304447,20.0,95.0,23.9266052246094,95.981689453125,0.18431372940540303,0.11764706671237898,0.074,0.013639215975999824,32.95701782362889,38.0,96.0,35.0,101.0,0.180392161011696,0.0941176563501358,0.099,0.017858823940157906,26.51886121235224,44.0,115.0,44.0,115.0,0.18823531270027202,0.18823531270027202,0.075,0.014117648452520401,34.00367627183861,29.0,103.0,29.0,103.0,0.180392161011696,0.180392161011696,0.083,0.014972549363970768,32.33032632065442,44.0,115.0,44.0,115.0,0.180392161011696,0.180392161011696,0.075,0.0135294120758772,34.00367627183861,49.0,108.0,49.0,108.0,0.18431372940540303,0.18431372940540303,0.067,0.012349019870162004,25.985572920372565,0.384,0.275,0.534,0.459,0.35,0.276,0.483,0.384,0.459,0.384,0.225,0.142,0.65,0.575,3
46.0,73.0,46.0,73.0,0.180392161011696,0.180392161011696,0.083,0.014972549363970768,12.419742348374221,35.0,82.0,35.0,82.0,0.18431372940540303,0.18431372940540303,0.083,0.015298039540648452,19.00657780874821,48.0,124.0,48.0,124.0,0.18431372940540303,0.18431372940540303,0.075,0.013823529705405227,41.93149174546501,38.0,142.0,38.0,142.0,0.180392161011696,0.180392161011696,0.091,0.016415686652064335,61.613716005448005,34.0,119.0,41.0,118.0,0.18823531270027202,0.176470592617989,0.074,0.01392941313982013,37.80542289143186,18.0,125.0,18.0,125.0,0.180392161011696,0.180392161011696,0.083,0.014972549363970768,55.69784555977008,72.0,107.0,72.0,107.0,0.176470592617989,0.176470592617989,0.083,0.014647059187293088,30.401480227120523,47.0,106.0,47.0,106.0,0.180392161011696,0.180392161011696,0.074,0.013349019914865503,24.520399670478458,0.333,0.25,0.442,0.359,0.334,0.259,0.467,0.376,0.4,0.326,0.283,0.2,0.526,0.443,3
51.0,109.0,51.0,109.0,0.180392161011696,0.180392161011696,0.075,0.0135294120758772,26.669270706189174,41.0,60.0,40.0186157226562,64.9068603515625,0.18823531270027202,0.11764706671237898,0.083,0.015623530954122578,22.472153190119098,56.0,108.0,56.0,108.0,0.18431372940540303,0.18431372940540303,0.075,0.013823529705405227,25.578311124857326,11.0,118.0,11.0,118.0,0.180392161011696,0.180392161011696,0.091,0.016415686652064335,55.76064920712455,41.0,125.0,49.0,124.0,0.18823531270027202,0.15686275064945202,0.074,0.01392941313982013,41.80011961705373,71.0,96.0,71.0,96.0,0.180392161011696,0.180392161011696,0.075,0.0135294120758772,21.70829334609241,55.0,139.0,55.0,139.0,0.180392161011696,0.180392161011696,0.083,0.014972549363970768,56.50884886458049,52.0,99.0,52.0,99.0,0.18431372940540303,0.18431372940540303,0.083,0.015298039540648452,16.62077013859466,0.317,0.242,0.475,0.392,0.317,0.242,0.592,0.501,0.475,0.401,0.242,0.167,0.634,0.551,3
45.0,123.0,45.0,123.0,0.180392161011696,0.180392161011696,0.083,0.014972549363970768,41.48795005781799,39.0,103.0,39.0,103.0,0.180392161011696,0.180392161011696,0.083,0.014972549363970768,25.401771591761076,53.0,109.0,53.0,109.0,0.180392161011696,0.180392161011696,0.066,0.011905882626771936,26.51886121235224,49.0,126.0,49.0,126.0,0.180392161011696,0.180392161011696,0.083,0.014972549363970768,43.78641341786285,71.0,104.0,71.0,104.0,0.176470592617989,0.176470592617989,0.083,0.014647059187293088,27.408940147331492,36.0,114.0,36.0,114.0,0.180392161011696,0.180392161011696,0.083,0.014972549363970768,36.28015986734347,37.0,52.0,37.0,52.0,0.180392161011696,0.180392161011696,0.057,0.010282353177666672,34.91776052383658,21.0,89.0,21.0,89.0,0.18823531270027202,0.18823531270027202,0.058,0.010917648136615778,33.63406011768428,0.384,0.301,0.542,0.459,0.383,0.317,0.834,0.751,0.45,0.367,0.284,0.201,0.675,0.618,3
